step,score,eps
76,-127.58403730573401,0.5993700000000018
