method,journey_t,wait_t,denied_per_mil,rbt_od,cv_hw
DDQN-LA(0.0),1036.6515453336797,163.6521815434466,0.21100135400387937,108.79358354936201,0.4750625036518847
DDQN-HA(0.0),1050.9827142911295,159.04133516902874,0.6918956647217517,106.39490957984208,0.4418607510645603
DDQN-LA(0.1),1044.8897158734192,167.03065191314826,1.4555083392983763,114.13601313388558,0.49539472142014135
DDQN-HA(0.1),1079.4878606171965,154.89034194689472,0.30809859154929575,99.8561930079416,0.44695439207861565
DDQN-LA(0.2),1036.0419950430128,165.73585874871662,0.04743833017077799,108.49479196214688,0.49196503633618716
DDQN-HA(0.2),1047.4734131301768,164.15510532929625,0.48703431425723515,111.58053019436007,0.4849625912067869
