method,journey_t,wait_t,denied_per_mil,rbt_od,cv_hw
DDQN-LA(0.0),1036.6515453336795,2.7275363590574435,0.21100135400387937,,0.4750625036518847
DDQN-HA(0.0),1050.9827142911292,2.650688919483812,0.6918956647217517,,0.4418607510645603
DDQN-LA(0.1),1044.8897158734187,2.783844198552471,1.4555083392983763,,0.49539472142014135
DDQN-HA(0.1),1079.4878606171965,2.5815056991149117,0.30809859154929575,,0.44695439207861565
DDQN-LA(0.2),1036.0419950430128,2.76226431247861,0.04743833017077799,,0.49196503633618716
DDQN-HA(0.2),1047.4734131301766,2.7359184221549375,0.48703431425723515,,0.4849625912067869
