bin,boarding_stop_id,alighting_stop_id,demand
0,8307,14182,0.2132007163556104
0,8317,8362,0.2132007163556104
0,8317,8388,0.4264014327112208
0,8350,8360,0.2132007163556104
0,8383,17914,0.2132007163556104
0,8384,17404,0.2132007163556104
0,8391,17914,0.2132007163556104
0,8400,14182,0.2132007163556104
0,8402,18155,0.2132007163556104
0,10147,8317,0.2132007163556104
