bin,boarding_stop_id,alighting_stop_id,demand
0,8307,14182,0.0454545454545454
0,8317,8362,0.0454545454545454
0,8317,8388,0.0909090909090909
0,8350,8360,0.0454545454545454
0,8383,17914,0.0454545454545454
0,8384,17404,0.0454545454545454
0,8391,17914,0.0454545454545454
0,8400,14182,0.0454545454545454
0,8402,18155,0.0454545454545454
0,10147,8317,0.0454545454545454
