method,journey_t,wait_t,denied_per_mil,jt_od,rbt_od,cv_hw
NC,1052.6287045465324,180.0005953006434,1.6160738816985716,1052.6287045465322,120.35223276662641,0.5584838403769042
EH(0.6),1043.628178042376,166.48130865340772,0.5361610130009895,1043.6281780423756,114.55439589178964,0.50234691989246
EH(0.7),1044.287002978416,165.13642532936538,3.8757680364502844,1044.287002978416,109.94809176647814,0.4865632153236101
DDQN-LA,1050.189585201387,175.9190422172864,1.6484457239154253,1050.1895852013868,114.67994830037514,0.5369095844709654
DDQN-HA(0.0),1045.6315538979732,160.3485821531206,1.6471009751141898,1045.6315538979732,106.65919455500443,0.458321578353802
DDQN-HA(0.33),1050.9827142911295,159.04133516902874,0.6918956647217517,1050.9827142911292,106.39490957984208,0.4418607510645603
DDQN-HA(0.67),1041.6260518969511,162.6892669560922,1.7970100278178722,1041.6260518969514,106.53081873458041,0.48385931841388546
