method,journey_t,wait_t,denied_per_mil,rbt_od,cv_hw
NC,1052.6287045465324,180.0005953006434,1.6160738816985716,120.35223276662641,0.5584838403769042
EH(0.6),1043.628178042376,166.48130865340772,0.5361610130009895,114.55439589178964,0.50234691989246
DDQN-LA,1036.6515453336797,163.6521815434466,0.21100135400387937,108.79358354936201,0.4750625036518847
DDQN-HA(0.0),1045.6315538979732,160.3485821531206,1.6471009751141898,106.65919455500443,0.458321578353802
DDQN-HA(0.33),1050.9827142911295,159.04133516902874,0.6918956647217517,106.39490957984208,0.4418607510645603
DDQN-HA(0.67),1041.6260518969511,162.6892669560922,1.7970100278178722,106.53081873458041,0.48385931841388546
DDQN-HA(1.0),1048.6521895797346,167.01640651645954,0.6619377920015184,109.2118642539087,0.4942231982101771
