method,journey_t,wait_t,denied_per_mil,rbt_od,cv_hw
NC,1052.6287045465322,3.00000992167739,1.6160738816985716,,0.5584838403769042
EH,1043.6281780423756,2.7746884775567957,0.5361610130009895,,0.50234691989246
DDQN-LA,1036.6515453336795,2.7275363590574435,0.21100135400387937,,0.4750625036518847
DDQN-HA,1050.9827142911292,2.650688919483812,0.6918956647217517,,0.4418607510645603
