parameter,prc_cancel,NC,EH
cv_h,0,0.501079203112637,0.5023591907367534
cv_h,10,0.6284732364216671,0.5280009796026162
cv_h,25,0.6661699223532012,0.5554386958783901
wt,0,3.133613748959485,3.170707970529537
wt,10,4.029391428347306,3.666250502021552
wt,25,4.751103888698515,4.212051200446741
lp,0,36.0,35.0
lp,10,43.04999999999998,42.29999999999998
lp,25,50.0,46.799999999999955
