method,journey_t,wait_t,denied_per_mil,rbt_od,cv_hw
NC,1052.6287045465324,3.00000992167739,1.6160738816985716,,0.5584838403769042
EH,1043.628178042376,2.7746884775567957,0.5361610130009895,,0.50234691989246
DDQN-LA,1036.6515453336797,2.727536359057443,0.21100135400387937,,0.4750625036518847
DDQN-HA(-),1045.6315538979732,2.672476369218676,1.6471009751141898,,0.458321578353802
DDQN-HA(3.0),1050.9827142911295,2.6506889194838124,0.6918956647217517,,0.4418607510645603
DDQN-HA(1.5),1041.6260518969511,2.7114877826015364,1.7970100278178722,,0.48385931841388546
DDQN-HA(1.0),1048.6521895797346,2.7836067752743254,0.6619377920015184,,0.4942231982101771
