method,journey_t,wait_t,denied_per_mil,rbt_od,cv_hw
DDQN-LA(low),1015.5319622046078,2.6160123054940403,0.2162734422262553,,0.437111287750764
DDQN-HA(low),1029.3455260450185,2.521606489719391,0.09433962264150943,,0.3938215152553464
DDQN-LA(medium),1036.6515453336797,2.727536359057443,0.21100135400387937,,0.4750625036518847
DDQN-HA(medium),1050.9827142911295,2.6506889194838124,0.6918956647217517,,0.4418607510645603
DDQN-LA(high),1073.3793514115841,2.848782132819472,0.689813832275614,,0.5436943513626677
DDQN-HA(high),1068.2374872304633,2.7349465108551474,0.8531508173749289,,0.4852417086373081
