method,journey_t,wait_t,denied_per_mil,rbt_od,cv_hw
DDQN-LA(low),1015.5319622046078,156.96073832964242,0.2162734422262553,99.45994428219363,0.437111287750764
DDQN-HA(low),1029.3455260450185,151.29638938316344,0.09433962264150943,94.51890430314648,0.3938215152553464
DDQN-LA(medium),1036.6515453336797,163.6521815434466,0.21100135400387937,108.79358354936201,0.4750625036518847
DDQN-HA(med),1050.9827142911295,159.04133516902874,0.6918956647217517,106.39490957984208,0.4418607510645603
DDQN-LA(high),1073.3793514115841,170.9269279691683,0.689813832275614,116.04078260824795,0.5436943513626677
DDQN-HA(high),1068.2374872304633,164.09679065130882,0.8531508173749289,110.46133889613061,0.4852417086373081
